<?xml version="1.0" encoding="UTF-8"?>
<!DOCTYPE suite SYSTEM "http://testng.org/testng-1.0.dtd">
<suite name="All Test Suite">
    <test name="IgnitionTestAutomation">
      <!--  <parameter name="environment" value="config_DSD_OMS\\configIgnition\\config_DSD"/>-->
        <parameter name="environment" value="config_DSD_OMS\\configAuto\\config_DSD"/>
            <classes>
                <class name="testRunner_DSD_OMS.DSDEnv.TestRunnerOrderControlList">
                </class>
            </classes>
        </test>
    </suite>