<?xml version="1.0" encoding="UTF-8"?>
<!DOCTYPE suite SYSTEM "http://testng.org/testng-1.0.dtd">
<suite name="ParallelSuite" parallel="tests" thread-count="4">
    <test name="Test1">
        <parameter name="environment" value="config_DSD_OMS\\configAuto\\config_DSD"/>
        <classes>
            <class name="testRunner_DSD_OMS.DSDEnv.TestRunnerOE"></class>
        </classes>
    </test>
    <test name="Test2">
        <parameter name="environment" value="config_DSD_OMS\\configAuto\\config_DSD"/>
        <classes>
            <class name="testRunner_DSD_OMS.DSDEnv.TestRunnerOE1"></class>
        </classes>
    </test>
    <test name="Test3">
        <parameter name="environment" value="config_DSD_OMS\\configAuto\\config_DSD"/>
        <classes>
            <class name="testRunner_DSD_OMS.DSDEnv.TestRunnerOE2"></class>
        </classes>
    </test>
    <test name="Test4">
        <parameter name="environment" value="config_DSD_OMS\\configAuto\\config_DSD"/>
        <classes>
            <class name="testRunner_DSD_OMS.DSDEnv.TestRunnerOE3"></class>
        </classes>
    </test>
</suite>