<?xml version="1.0" encoding="UTF-8"?>
<!DOCTYPE suite SYSTEM "http://testng.org/testng-1.0.dtd">
<suite name="All Test Suite">
    <test verbose="2" preserve-order="true" name="IgnitionTestAutomation1">
        <parameter name="environment" value="config_DSD_OMS\\config_OMS"/>
        <classes>
            <class name="testRunner_DSD_OMS.OMSFeatureTestRunner">
            </class>
        </classes>
    </test>
    <test verbose="2" preserve-order="true" name="IgnitionTestAutomation1">
        <parameter name="environment" value="config_DSD_OMS\\config_OMS"/>
        <classes>
            <class name="testRunner_DSD_OMS.OMSFeatureTestRunner">
            </class>
        </classes>
    </test>
</suite>