<?xml version="1.0" encoding="UTF-8"?>
<!DOCTYPE suite SYSTEM "http://testng.org/testng-1.0.dtd">
<suite name="All Test Suite" parallel="tests" thread-count="2">
    <test verbose="2" preserve-order="true" name="CrossBrowser Test">
        <parameter name="browserType" value="Chrome"/>
        <parameter name="environment" value="config_DSD_OMS\\config_OMS"/>
        <classes>
            <class name="testRunner_DSD_OMS.CrossBrowserTestRunner">
            </class>
        </classes>
    </test>
    <test verbose="2" preserve-order="true" name="CrossBrowser Test1">
        <parameter name="browserType" value="Firefox"/>
        <parameter name="environment" value="config_DSD_OMS\\config_OMS"/>
        <classes>
            <class name="testRunner_DSD_OMS.CrossBrowserTestRunner">
            </class>
        </classes>
    </test>
</suite>